<?xml version="1.0" encoding="utf-8"?>
<extension
	type="module"
	version="3.0"
	client="site"
	method="upgrade">
	<name>MOD_JVCONTACT</name>
	<author>Open Source Code Solutions Co</author>
	<creationDate>11/2015</creationDate>
	<copyright>Copyright © 2008-2015 joomlavi.com. All Rights Reserved.</copyright>
	<license>http://www.gnu.org/licenses/gpl-3.0.html GNU/GPL or later.</license>
	<authorEmail>info@joomlavi.com</authorEmail>
	<authorUrl>http://www.joomlavi.com/my-tickets.html</authorUrl>
	<version>3.5</version>
	<description>MOD_JVCONTACT_XML_DESCRIPTION</description>
	<files>
		<filename module="mod_jvcontact">mod_jvcontact.php</filename>
		<filename>helper.php</filename>
		<filename>index.html</filename>
		<folder>tmpl</folder>
		<folder>language</folder>
		<folder>fields</folder>
		<folder>assets</folder>
	</files>
	<languages>
		<language tag="en-GB">language/en-GB/en-GB.mod_jvcontact.ini</language>
		<language tag="en-GB">language/en-GB/en-GB.mod_jvcontact.sys.ini</language>
	</languages>
	<help key="JHELP_EXTENSIONS_MODULE_MANAGER_FEED_DISPLAY" />
	
	<config>
		<fields name="params">
			<fieldset name="basic">

				<field
					name="moduleclass_sfx"
					type="textarea" rows="1"
					label="COM_MODULES_FIELD_MODULECLASS_SFX_LABEL"
					description="COM_MODULES_FIELD_MODULECLASS_SFX_DESC" />
							
				<field
					name="textheader"
					class="inputbox"
					type="textarea"
					label="Header text"
					description="" 
					filter="raw"
				/>
				<field
					name="textfooter"
					class="inputbox"
					type="textarea"
					label="Footer text"
					description="" 
					filter="raw"
				/>
				<field
					name="thankyou"
					class="inputbox"
					type="textarea"
					label="'Thanks' message"
					default="Thank you!"
					description="" 
					filter="raw"
				/>
				<field
					name="textsubmit"
					class="inputbox"
					type="textarea"
					label="Text in Submit Button"
					default="Submit"
					description="" 
					filter="raw"
				/>
				<field
					name="moreinfo"
					class="inputbox"
					type="textarea"
					label="More Info"
					description="" 
					filter="raw"
				/>
				<field
					name="mailsubject"
					class="inputbox"
					type="text"
					label="Mail Subject"
					default="Mail from JV Contact module"
					description="" 
				/>
				<field 
					name="mailcopy" 
					type="text"
					class="inputbox" 
					label="Send a copy mail" 
					default=""
					description="Show checkbox for send a copy mail for sender."/>
					
				
			</fieldset>
			<fieldset name="customtemplate" addfieldpath="/modules/mod_jvcontact/fields">
				<field name="layout" type="modulelayout" class="inputbox" label="Select a layout" description=""/>
					
				<field
					name="customlayout"
					class="inputbox textarealayout"
					type="textarea"
					label="Custom HTML"
					description="Custom HTML use custom fields below by tag {name_of_field}" 
					filter="raw"
				/>
				<field
					name="elements"
					class="inputbox"
					type="elementcustom"
					label="Elements"
					description="" 
				/>
				<field
					name="customcss"
					class="inputbox textarealayout"
					type="textarea"
					label="Custom CSS"
					description="Custom CSS for custom HTML in frontend" 
					filter="raw"
				/>
			</fieldset>
			<fieldset name="recipients">
				<field name="mailto" type="sql" multiple="multiple" default="" class="inputbox" label="Select recipients" query="SELECT id,email FROM #__users where block=0 order by id" key_field="id" value_field="email" description="CTRL + click on row to deselect" />
				<field name="mailto2" type="textarea" default="" class="inputbox" label="Other recipients" description="Separate by enter"/>
			</fieldset>
			<fieldset name="customfields" addfieldpath="/modules/mod_jvcontact/fields">
				
				<field name="showform" type="radio" class="btn-group" default="1" label="Show Form" description="">
					<option value="0">JNO</option>
					<option value="1">JYEs</option>
				</field>
				<field name="textinfield" type="radio" class="btn-group" default="1" label="Title in Field" description="">
					<option value="0">JNO</option>
					<option value="1">JYEs</option>
				</field>
				<field name="customfield" multiple="multiple" type="spacer" class="hidden" />
				<field type="customfield" label="Add custom fields" description="" />
			</fieldset>
			<fieldset name="social">
				<field name="showsocial" type="radio" class="btn-group" default="0" label="Show Social buttons" description="">
					<option value="0">JNO</option>
					<option value="1">Small icon</option>
					<option value="2">Big icon</option>
					<option value="3">Like icon</option>
				</field>
				<field name="showfacebook" type="radio" class="btn-group" default="1" label="Show Facebook" description="">
					<option value="0">JNO</option>
					<option value="1">JYEs</option>
				</field>
				<field name="showtweeter" type="radio" class="btn-group" default="1" label="Show Tweeter" description="">
					<option value="0">JNO</option>
					<option value="1">JYEs</option>
				</field>
				<field name="showgplus" type="radio" class="btn-group" default="1" label="Show GPlus" description="">
					<option value="0">JNO</option>
					<option value="1">JYEs</option>
				</field>
				<field name="showlikein" type="radio" class="btn-group" default="1" label="Show LikeIn" description="">
					<option value="0">JNO</option>
					<option value="1">JYEs</option>
				</field>
				<field name="showaddthismore" type="radio" class="btn-group" default="1" label="Show More" description="">
					<option value="0">JNO</option>
					<option value="1">JYEs</option>
				</field>
			</fieldset>
			<fieldset name="captcha">
				<field name="showcaptcha" type="radio" class="btn-group" default="0" label="Show Re-Captcha" description="">
					<option value="0">JNO</option>
					<option value="1">JYEs</option>
				</field>
                                
                                <field name="captcha_version" type="list" class="btn-group" default="1" label="Re-Captcha Version" description="">
					<option value="1">1.0</option>
					<option value="2">2.0</option>
				</field>
                                
				<field
					name="captchapublickey"
					class="inputbox"
					type="text"
					label="Public key"
					description="" 
				/>
				<field
					name="captchaprivatekey"
					class="inputbox"
					type="text"
					label="Private key"
					description="" 
				/>
				<field name="captchatheme" type="list" default="white" label="Theme" description="">
					<option value="red">Red</option>
					<option value="white">White</option>
					<option value="blackglass">BlackGlass</option>
					<option value="clean">Clean</option>
					<option value="custom">Custom</option>
				</field>
				<field
					name="captcha_instructions_visual"
					class="inputbox"
					type="text"
					label="Instructions visual"
					default="Instructions visual"
					description="" 
				/>
				<field
					name="captcha_instructions_audio"
					class="inputbox"
					type="text"
					label="Instructions audio"
					default ="Instructions audio"
					description="" 
				/>
				<field
					name="captcha_play_again"
					class="inputbox"
					type="text"
					label="Play again"
					default="Play again"
					description="" 
				/>
				<field
					name="captcha_cant_hear_this"
					class="inputbox"
					type="text"
					label="Cant hear this"
					default="Cant hear this"
					description="" 
				/>
				<field
					name="captcha_visual_challenge"
					class="inputbox"
					type="text"
					label="Visual challenge"
					default="Visual challenge"
					description="" 
				/>
				<field
					name="captcha_audio_challenge"
					class="inputbox"
					type="text"
					label="Audio challenge"
					default="Audio challenge"
					description="" 
				/>
				<field
					name="captcha_refresh_btn"
					class="inputbox"
					type="text"
					label="Refresh"
					default="Refresh"
					description="" 
				/>
				<field
					name="captcha_help_btn"
					class="inputbox"
					type="text"
					label="Help"
					default="Help"
					description="" 
				/>
				<field
					name="captcha_incorrect_try_again"
					class="inputbox"
					type="text"
					label="Incorrect try again"
					default="Incorrect try again"
					description="" 
				/>
			</fieldset>
			<fieldset name="map" addfieldpath="/modules/mod_jvcontact/fields">
				<field name="showmap" type="radio" class="btn-group" default="0" label="Show Google Map" description="">
					<option value="0">JNO</option>
					<option value="1">JYEs</option>
				</field>
				<field
					name="map_apikey"
					class="inputbox"
					type="text"
					label="API Key"
					default="AIzaSyD7KJAbPjbKDmQxCVsiTlVOmQihmbOoFdY"
					description="Active service Google Maps API v3 at https://code.google.com/apis/console and get API key on API Access menu"
				/>
				
				<field
					name="map_width"
					class="inputbox"
					type="text"
					label="Map Width"
					default="100%"
					description="" 
				/>
				<field
					name="map_height"
					class="inputbox"
					type="text"
					label="Map Height"
					default="200px"
					description="" 
				/>
				<field
					name="map_zoom"
					class="inputbox"
					type="text"
					label="Zoom"
					default="17"
					description="" 
				/>
				<field
					name="map_icon"
					class="inputbox"
					type="text"
					label="Icon"
					default=""
					description="URL of icon image" 
				/>
				
				<field
					name="map_lat"
					class="inputbox"
					type="text"
					label="Latitude"
					default="10.784513"
					description="" 
				/>
				<field
					name="map_long"
					class="inputbox"
					type="text"
					label="Longitude"
					default="106.630744"
					description="" 
				/>
				
				<field
					name="map_infotext"
					class="inputbox"
					type="textarea"
					label="Text in popup"
					default="I'm here!"
					description="" 
					filter="raw"
				/>
				
				
				<field name="map_marker" type="map" id="map" label="" description="" multiple="multiple" filter="raw" />
				
			</fieldset>
			
		</fields>
	</config>
</extension>
