<?xml version="1.0" encoding="utf-8"?>
<extension type="plugin" version="3.0" method="upgrade" group="system">
    <name>popup</name>
    <author>JoomlaVi! Project</author>
    <creationDate>Oct 2016</creationDate>
    <copyright>Copyright (C) 2016 JoomlaVi. All rights reserved</copyright>
    <license>http://www.gnu.org/licenseses/gpl-2.0.html GNU/GPL or later</license>
    <authorEmail>info@joomlavi.com</authorEmail>
    <authorUrl>www.joomlavi.com</authorUrl>
    <version>1.0.5</version>
    <description>POPUP_DESC</description>
    <scriptfile>popup.php</scriptfile>
    <files>
        <filename plugin="popup">popup.php</filename>
		<filename>popup.xml</filename>
        <filename>index.html</filename>
		<folder>assets</folder>
        <folder>language</folder>
    </files>
	<languages folder="language">
        <language tag="en-GB">en-GB/en-GB.plg_system_popup.ini</language>
        <language tag="en-GB">en-GB/en-GB.plg_system_popup.sys.ini</language>
    </languages>
</extension>