<?xml version="1.0" encoding="utf-8"?>
<extension
	type="module"
	version="1.0"
	client="site" 
	method="upgrade"
	>
	<name>mod_jvcustom</name>
	<author>Joomlavi.com</author>
	<creationDate>December 2015</creationDate>
	<copyright>Copyright (C) 2011 - 2016 Joomlavi. All rights reserved.</copyright>
	<license>GNU General Public License version 2 or later; see LICENSE.txt</license>
	<authorEmail>admin@joomlavi.com</authorEmail>
	<authorUrl>www.joomlavi.con</authorUrl>
	<version>1.0.1</version>
	<description>mod_jvcustom_desc</description>

	

	<files>
		<filename module="mod_jvcustom">mod_jvcustom.php</filename>
		<filename>index.html</filename>
		<filename>mod_jvcustom.xml</filename>
		<folder>tmpl</folder>
		<folder>assets</folder>
		<folder>language</folder>
	</files>
	<languages>
		<language tag="en-GB">language/en-GB/en-GB.mod_jvcustom.ini</language>
		<language tag="en-GB">language/en-GB/en-GB.mod_jvcustom.sys.ini</language>
	</languages>
	<help key="JHELP_EXTENSIONS_MODULE_MANAGER_CUSTOM_HTML" />
	<config>
		<fields name="params">
			<fieldset name="basic">
				<field
					name="textalign"
					type="list"
					label="Text Align"
					description="Text Align Content"
					default="0">
					<option value="">None</option>
					<option value="center">Center</option>
					<option value="left">Left</option>
					<option value="right">Right</option>
				</field>
				<field
					name="color"
					type="list"
					label="Color content"
					description="Color content"
					default="">
					<option value="">None</option>
					<option value="light">Light</option>
					<option value="dark">Dark</option>
				</field>
				<field
					name="full_screen"
					type="radio"
					class="btn-group btn-group-yesno"
					label="Full Screen"
					default="0">
					<option value="1">JYES</option>
					<option value="0">JNO</option>
				</field>
				<field
					name="prepare_content"
					type="radio"
					class="btn-group btn-group-yesno"
					label="MOD_CUSTOM_FIELD_PREPARE_CONTENT_LABEL"
					description="MOD_CUSTOM_FIELD_PREPARE_CONTENT_DESC"
					default="0">
					<option value="1">JYES</option>
					<option value="0">JNO</option>
				</field>
				<field name="contents" label="Custom HTML" type="editor" width="98%" height="300" filter="raw" buttons="true" />
			</fieldset>
			<fieldset
				name="imagebackground" label="Image Background">
				<field name="backgroundimage" type="media"
					label="MOD_CUSTOM_FIELD_BACKGROUNDIMAGE_LABEL" description="MOD_BACKGROUNDIMAGE_FIELD_LOGO_DESC" />
				<field name="backgroundColor" type="color" default="" label="Background Color" />
				<field
					name="position"
					type="list"
					label="Position"
					description="Position background"
					default="center">
					<option value="center">Center</option>
					<option value="top center">Top</option>
					<option value="top left">Top Left</option>
					<option value="top right">Top Right</option>
					<option value="bottom center">Bottom</option>
					<option value="bottom left">Bottom Left</option>
					<option value="bottom right">Bottom Right</option>
					<option value="left center">Left</option>
					<option value="right center">Right</option>
				</field>
				<field name="size" type="text" default="cover" label="Background size: " description="Background size" />
				<field
					name="parallax"
					type="radio"
					class="btn-group btn-group-yesno"
					label="Parallax scrolling"
					description="Parallax scrolling"
					default="0">
					<option value="1">JYES</option>
					<option value="0">JNO</option>
				</field>
				<field name="speed" type="text" default="0.15" label="Parallax Speed" description="Parallax Speed" />
				<field name="horizontalOffset" type="text" default="0" label="Horizontal Offset" description="Horizontal Offset" />
				<field name="verticalOffset" type="text" default="0" label="Vertical Offset" description="Vertical Offset" />
				<field
					name="parent"
					type="list"
					label="Background Parents"
					description="Background Parents"
					default="">
					<option value="">None</option>
					<option value="1">Level 1</option>
					<option value="2">Level 2</option>
					<option value="3">Level 3</option>
					<option value="4">Level 4</option>
					<option value="5">Level 5</option>
					<option value="6">Level 6</option>
					<option value="7">Level 7</option>
					<option value="8">Level 8</option>
					<option value="9">Level 9</option>
					<option value="10">Level 10</option>
				</field>
				<field name="colorBgOverlay" type="color" default="" label="Color Background Overlay" />
				<field
					name="opacityBgOverlay"
					type="text"
					default = "0"
					label="Opacity Background Overlay"/>
				<field name="bgCss" type="text" default="" label="CSS" description="Background CSS Style. Ex: padding-top: 10px;" />
			</fieldset>
			<fieldset
				name="videobackground" label="Video Background">
				<field
					name="video"
					type="text"
					label="Video background (ID)" 
					description="Video background (Only Youtube)" />
				<field
					name="startAt"
					type="text"
					label="Start At" 
					description="Start video at certain time" />
				<field
					name="stopAt"
					type="text"
					label="Stop At"
					description="Stop video at certain time" />
				<field
					name="mute"
					type="radio"
					class="btn-group btn-group-yesno"
					label="Mute"
					default="1">
					<option value="1">JYES</option>
					<option value="0">JNO</option>
				</field>
				<field name="colorOverlay" type="color" default="#000000" label="Color Overlay" />
				<field
					name="opacityOverlay"
					type="text"
					default = "0.2"
					label="Opacity Overlay"/>
			</fieldset>
			<fieldset
				name="advanced">
				<field
					name="layout"
					type="modulelayout"
					label="JFIELD_ALT_LAYOUT_LABEL"
					description="JFIELD_ALT_MODULE_LAYOUT_DESC" />

				<field
					name="moduleclass_sfx"
					type="textarea" rows="3"
					label="COM_MODULES_FIELD_MODULECLASS_SFX_LABEL"
					description="COM_MODULES_FIELD_MODULECLASS_SFX_DESC" />

				<field
					name="cache"
					type="list"
					default="1"
					label="COM_MODULES_FIELD_CACHING_LABEL"
					description="COM_MODULES_FIELD_CACHING_DESC">
					<option
						value="1">JGLOBAL_USE_GLOBAL</option>
					<option
						value="0">COM_MODULES_FIELD_VALUE_NOCACHING</option>
				</field>

				<field
					name="cache_time"
					type="text"
					default="900"
					label="COM_MODULES_FIELD_CACHE_TIME_LABEL"
					description="COM_MODULES_FIELD_CACHE_TIME_DESC" />
				<field
					name="cachemode"
					type="hidden"
					default="static">
					<option
						value="static"></option>
				</field>
			</fieldset>
		</fields>
	</config>
</extension>
