<?xml version="1.0" encoding="utf-8"?>
<extension type="module" version="2.5.0" method="upgrade" client="site">
    <name>mod_virtuemart_carte</name>
    <creationDate>December 04 2014</creationDate>
    <author>The VirtueMart Development Team</author>
    <authorUrl>http://www.virtuemart.net</authorUrl>
    <copyright>Copyright (C) 2004-2014 Virtuemart Team. All rights reserved.</copyright>
    <license>http://www.gnu.org/licenses/gpl-2.0.html GNU/GPL</license>
    <version>3.0.2</version>
    <description>MOD_VIRTUEMART_CARTE_DESC</description>
    <files>
        <filename module="mod_virtuemart_carte">mod_virtuemart_carte.php</filename>
        <filename>index.html</filename>
        <filename>helper.php</filename>
        <folder>tmpl</folder>
        <folder>assets</folder>
        <folder>language</folder>
    </files>
    <params>
        <param name="moduleclass_sfx" type="text" default=""
			label="Module Class Suffix"
			description="A suffix to be applied to the css class of the module (table.moduletable), this allows individual module styling" />
        <param name="show_price" type="list" default="1"
			label="MOD_VIRTUEMART_CART_SHOW_PRICE"
			description="MOD_VIRTUEMART_CART_SHOW_PRICE_DESC">
            <option value="0">No</option>
            <option value="1">Yes</option>
        </param>
        <br/>
        <param name="show_product_list" type="list" default="1"
			label="MOD_VIRTUEMART_CART_SHOW_LIST"
			description="MOD_VIRTUEMART_CART_SHOW_LIST_DESC">
            <option value="0">No</option>
            <option value="1">Yes</option>
        </param>
    </params>
    <config>
        <fields name="params">
            <fieldset name="basic">
                <field
                    name="layout"
                    type="modulelayout"
                    label="JFIELD_ALT_LAYOUT_LABEL"
                    description="JFIELD_ALT_MODULE_LAYOUT_DESC" />
                <field name="moduleclass_sfx" type="text" default=""
			label="Module Class Suffix"
			description="A suffix to be applied to the css class of the module (table.moduletable), this allows individual module styling" />
                <field name="show_price" type="list" default="1"
			label="MOD_VIRTUEMART_CART_SHOW_PRICE"
			description="MOD_VIRTUEMART_CART_SHOW_PRICE_DESC">
                    <option value="0">No</option>
                    <option value="1">Yes</option>
                </field>
                <field name="show_product_list" type="list" default="1"
			label="MOD_VIRTUEMART_CART_SHOW_LIST"
			description="MOD_VIRTUEMART_CART_SHOW_LIST_DESC">
                    <option value="0">No</option>
                    <option value="1">Yes</option>
                </field>
            </fieldset>
        </fields>
    </config>   
</extension>
