<?xml version="1.0" encoding="utf-8"?>
<extension type="module" version="2.5" method="upgrade">
    <name>JV Twitter</name>
    <author>JoomlaVi! Project</author>
    <creationDate>May 2014</creationDate>
    <copyright>Copyright (C) JoomlaVi. All rights reserved</copyright>
    <license>http://www.gnu.org/licenseses/gpl-2.0.html GNU/GPL or later</license>
    <authorEmail>info@joomlavi.com</authorEmail>
    <authorUrl>www.joomlavi.com</authorUrl>
    <version>4.0.9</version>
    <description>MOD_JVTWITTER_DESCRIPTION</description>
    <files>
        <filename module="mod_jvtwitter">mod_jvtwitter.php</filename>
        <filename>helpers.php</filename>
        <filename>jvtwitter.php</filename>
        <filename>index.html</filename>
        <folder>assets</folder>
        <folder>libs</folder>
        <folder>tmpl</folder>
        <folder>fields</folder>
        <folder>languages</folder>
    </files>
    <languages folder="languages">
        <language tag="en-GB">en-GB.mod_jvtwitter.ini</language>
        <language tag="en-GB">en-GB.mod_jvtwitter.sys.ini</language>
    </languages>
    <config>
        <fields name="params">
            <fieldset name="basic">
                <field name="layout" type="modulelayout" modulename="modulelayout" label="JFIELD_ALT_LAYOUT_LABEL" description="JFIELD_ALT_MODULE_LAYOUT_DESC" />
                <field name="moduleclass_sfx" type="text" label="COM_MODULES_FIELD_MODULECLASS_SFX_LABEL" description="COM_MODULES_FIELD_MODULECLASS_SFX_DESC" />
                <field addfieldpath="modules/mod_jvtwitter/fields" name="connect" type="connect" label="MOD_JVTWITTER_ACCOUNT_LBL" description="MOD_JVTWITTER_ACCOUNT_DESC"/>
                <field name="jquery" type="radio" default="1" label="MOD_JVTWITTER_ACCOUNT_JQUERY_LBL" description="MOD_JVTWITTER_ACCOUNT_JQUERY_DESC">
                    <option value="0">JNO</option>
                    <option value="1">JYES</option>
                </field>
                <field name="username" type="text" label="MOD_JVTWITTER_USERNAME_LBL" description="MOD_JVTWITTER_USERNAME_DESC" />
                <field name="profile" type="radio" default="1" label="MOD_JVTWITTER_PROFILE_LBL" description="MOD_JVTWITTER_PROFILE_DESC">
                    <option value="1">JSHOW</option>
                    <option value="0">JHIDE</option>
                </field>
                <field name="tweet" type="radio" default="1" label="MOD_JVTWITTER_TWEET_LBL" description="MOD_JVTWITTER_TWEET_DESC">
                    <option value="1">JSHOW</option>
                    <option value="0">JHIDE</option>
                </field>
                <field name="refresh" type="radio" default="1" label="MOD_JVTWITTER_REFRESH_LBL" description="MOD_JVTWITTER_REFRESH_DESC">
                    <option value="0">JNO</option>
                    <option value="1">JYES</option>
                </field>
                <field name="refresh_time" type="text" default="300" label="MOD_JVTWITTER_REFRESH_TIME_LBL" description="MOD_JVTWITTER_REFRESH_TIME_DESC" />
                <field name="cache" type="radio" default="0" label="MOD_JVTWITTER_CACHE_LBL" description="MOD_JVTWITTER_CACHE_DESC">
                    <option value="0">JNO</option>
                    <option value="1">JYES</option>
                </field>
                <field name="cache_time" type="text" default="30" label="MOD_JVTWITTER_CACHE_TIME_LBL" description="MOD_JVTWITTER_CACHE_TIME_DESC" />
            </fieldset>
            <fieldset name="profile_settings" label="MOD_JVTWITTER_PROFILE_SETTINGS">
                <field name="profile_avatar" type="radio" default="1" label="MOD_JVTWITTER_PROFILE_AVATAR_LBL" description="MOD_JVTWITTER_PROFILE_AVATAR_DESC">
                    <option value="1">JSHOW</option>
                    <option value="0">JHIDE</option>
                </field>
                <field name="profile_name" type="radio" default="1" label="MOD_JVTWITTER_PROFILE_NAME_LBL" description="MOD_JVTWITTER_PROFILE_NAME_DESC">
                    <option value="1">JSHOW</option>
                    <option value="0">JHIDE</option>
                </field>
                <field name="profile_username" type="radio" default="1" label="MOD_JVTWITTER_PROFILE_USERNAME_LBL" description="MOD_JVTWITTER_PROFILE_USERNAME_DESC">
                    <option value="1">JSHOW</option>
                    <option value="0">JHIDE</option>
                </field>
                <field name="profile_location" type="radio" default="1" label="MOD_JVTWITTER_PROFILE_LOCATION_LBL" description="MOD_JVTWITTER_PROFILE_LOCATION_DESC">
                    <option value="1">JSHOW</option>
                    <option value="0">JHIDE</option>
                </field>
                <field name="profile_bio" type="radio" default="1" label="MOD_JVTWITTER_PROFILE_BIO_LBL" description="MOD_JVTWITTER_PROFILE_BIO_DESC">
                    <option value="1">JSHOW</option>
                    <option value="0">JHIDE</option>
                </field>
                <field name="profile_web" type="radio" default="1" label="MOD_JVTWITTER_PROFILE_WEB_LBL" description="MOD_JVTWITTER_PROFILE_WEB_DESC">
                    <option value="1">JSHOW</option>
                    <option value="0">JHIDE</option>
                </field>
                <field name="profile_tweets" type="radio" default="1" label="MOD_JVTWITTER_PROFILE_TWEETS_LBL" description="MOD_JVTWITTER_PROFILE_TWEETS_DESC">
                    <option value="1">JSHOW</option>
                    <option value="0">JHIDE</option>
                </field>
                <field name="profile_following" type="radio" default="1" label="MOD_JVTWITTER_PROFILE_FOLLOWING_LBL" description="MOD_JVTWITTER_PROFILE_FOLLOWING_DESC">
                    <option value="1">JSHOW</option>
                    <option value="0">JHIDE</option>
                </field>
                <field name="profile_followers" type="radio" default="1" label="MOD_JVTWITTER_PROFILE_FOLLOWERS_LBL" description="MOD_JVTWITTER_PROFILE_FOLLOWERS_DESC">
                    <option value="1">JSHOW</option>
                    <option value="0">JHIDE</option>
                </field>
                <field name="profile_listed" type="radio" default="1" label="MOD_JVTWITTER_PROFILE_LISTED_LBL" description="MOD_JVTWITTER_PROFILE_LISTED_DESC">
                    <option value="1">JSHOW</option>
                    <option value="0">JHIDE</option>
                </field>
                <field name="profile_share_button" type="radio" default="1" label="MOD_JVTWITTER_PROFILE_SHARE_BUTTON_LBL" description="MOD_JVTWITTER_PROFILE_SHARE_BUTTON_DESC">
                    <option value="1">JSHOW</option>
                    <option value="0">JHIDE</option>
                </field>
                <field name="profile_follow_button" type="radio" default="1" label="MOD_JVTWITTER_PROFILE_FOLLOW_BUTTON_LBL" description="MOD_JVTWITTER_PROFILE_FOLLOW_BUTTON_DESC">
                    <option value="1">JSHOW</option>
                    <option value="0">JHIDE</option>
                </field>
                <field name="profile_hashtag_button" type="radio" default="1" label="MOD_JVTWITTER_PROFILE_HASHTAG_BUTTON_LBL" description="MOD_JVTWITTER_PROFILE_HASHTAG_BUTTON_DESC">
                    <option value="1">JSHOW</option>
                    <option value="0">JHIDE</option>
                </field>
                <field name="profile_mention_button" type="radio" default="1" label="MOD_JVTWITTER_PROFILE_MENTION_BUTTON_LBL" description="MOD_JVTWITTER_PROFILE_MENTION_BUTTON_DESC">
                    <option value="1">JSHOW</option>
                    <option value="0">JHIDE</option>
                </field>
            </fieldset>
            <fieldset name="tweet_settings" label="MOD_JVTWITTER_TWEET_SETTINGS">
                <field name="tweet_num" type="text" default="5" label="MOD_JVTWITTER_TWEET_NUMBER_OF_TWEETS_LBL" description="MOD_JVTWITTER_TWEET_NUMBER_OF_TWEETS_DESC" />
                <field name="tweet_exclude_replies" type="radio" default="1" label="MOD_JVTWITTER_TWEET_EXCLUDE_REPLIES_LBL" description="MOD_JVTWITTER_TWEET_EXCLUDE_REPLIES_DESC" >
                    <option value="1">JYES</option>
                    <option value="0">JNO</option>
                </field>
                <field name="tweet_avatar" type="radio" default="1" label="MOD_JVTWITTER_TWEET_AVATAR_LBL" description="MOD_JVTWITTER_TWEET_AVATAR_DESC">
                    <option value="1">JSHOW</option>
                    <option value="0">JHIDE</option>
                </field>
                <field name="tweet_retweeted" type="radio" default="1" label="MOD_JVTWITTER_TWEET_RETWEETED_TEXT_LBL" description="MOD_JVTWITTER_TWEET_RETWEETED_TEXT_DESC">
                    <option value="1">JSHOW</option>
                    <option value="0">JHIDE</option>
                </field>
                <field name="tweet_name" type="radio" default="1" label="MOD_JVTWITTER_TWEET_NAME_LBL" description="MOD_JVTWITTER_TWEET_NAME_DESC">
                    <option value="1">JSHOW</option>
                    <option value="0">JHIDE</option>
                </field>
                <field name="tweet_username" type="radio" default="1" label="MOD_JVTWITTER_TWEET_USERNAME_LBL" description="MOD_JVTWITTER_TWEET_USERNAME_DESC">
                    <option value="1">JSHOW</option>
                    <option value="0">JHIDE</option>
                </field>
                <field name="tweet_text" type="radio" default="1" label="MOD_JVTWITTER_TWEET_TEXT_LBL" description="MOD_JVTWITTER_TWEET_TEXT_DESC">
                    <option value="1">JSHOW</option>
                    <option value="0">JHIDE</option>
                </field>
                <field name="tweet_created" type="radio" default="1" label="MOD_JVTWITTER_TWEET_CREATED_LBL" description="MOD_JVTWITTER_TWEET_CREATED_DESC">
                    <option value="1">JSHOW</option>
                    <option value="0">JHIDE</option>
                </field>
                <field name="tweet_via" type="radio" default="1" label="MOD_JVTWITTER_TWEET_CREATED_AT_LBL" description="MOD_JVTWITTER_TWEET_CREATED_AT_DESC">
                    <option value="1">JSHOW</option>
                    <option value="0">JHIDE</option>
                </field>
                <field name="tweet_date_format_type" type="radio" default="0" label="MOD_JVTWITTER_TWEET_DATE_FORMAT_TYPE_LBL" description="MOD_JVTWITTER_TWEET_DATE_FORMAT_TYPE_DESC">
                    <option value="0">MOD_JVTWITTER_OPTION_TIME_DIFFERENCE</option>
                    <option value="1">MOD_JVTWITTER_OPTION_DATE_FORMAT</option>
                </field>
                <field name="tweet_date_format" type="DateFormat" default="h:mm A - D MMM YYYY" label="MOD_JVTWITTER_TWEET_DATE_FORMAT_LBL" description="MOD_JVTWITTER_TWEET_DATE_FORMAT_DESC"/>
                <field name="tweet_height" type="text" label="MOD_JVTWITTER_TWEET_CONTAINER_HEIGHT_LBL" description="MOD_JVTWITTER_TWEET_CONTAINER_HEIGHT_DESC" />
            </fieldset>
            <fieldset name="style_settings" label="MOD_JVTWITTER_STYLE_SETTINGS">
                <field name="fontcolor" type="colorpicker" label="MOD_JVTWITTER_FONTCOLOR_LBL" description="MOD_JVTWITTER_FONTCOLOR_DESC"/>
                <field name="bgcolor" type="colorpicker" label="MOD_JVTWITTER_BGCOLOR_LBL" description="MOD_JVTWITTER_BGCOLOR_DESC"/>
                <field name="bordercolor" type="colorpicker" label="MOD_JVTWITTER_BORDERCOLOR_LBL" description="MOD_JVTWITTER_BORDERCOLOR_DESC"/>
                <field name="tweet_fontcolor" type="colorpicker" label="MOD_JVTWITTER_TWEET_FONTCOLOR_LBL" description="MOD_JVTWITTER_TWEET_FONTCOLOR_DESC"/>
                <field name="tweet_bgcolor" type="colorpicker" label="MOD_JVTWITTER_TWEET_BGCOLOR_LBL" description="MOD_JVTWITTER_TWEET_BGCOLOR_DESC"/>
                <field name="tweet_bordercolor" type="colorpicker" label="MOD_JVTWITTER_TWEET_BORDERCOLOR_LBL" description="MOD_JVTWITTER_TWEET_BORDERCOLOR_DESC"/>
                <field name="tweet_hover_bgcolor" type="colorpicker" label="MOD_JVTWITTER_TWEET_HOVER_BGCOLOR_LBL" description="MOD_JVTWITTER_TWEET_HOVER_BGCOLOR_DESC"/>
                <field name="tweet_hover_shadowcolor" type="colorpicker" label="MOD_JVTWITTER_TWEET_HOVER_SHADOWCOLOR_LBL" description="MOD_JVTWITTER_TWEET_HOVER_SHADOWCOLOR_DESC"/>
            </fieldset>
        </fields>
    </config>
    <updateservers>
        <server type="extension" priority="1" name="joomlavi.com">http://www.joomlavi.com/update/update.xml</server>
    </updateservers>
</extension>