<?xml version="1.0" encoding="UTF-8" ?>
<extension type="package" version="2.5" method="upgrade">
	<name>JV Ajax Shop Search Package</name>
	<author>JoomlaVi! Project</author>
    <creationDate>Nov 2014</creationDate>
    <copyright>Copyright (C) JoomlaVi. All rights reserved</copyright>
    <license>http://www.gnu.org/licenseses/gpl-2.0.html GNU/GPL or later</license>
	<packagename>jvajax_shop_search</packagename>
    <authorEmail>info@joomlavi.com</authorEmail>
    <authorUrl>www.joomlavi.com</authorUrl>
    <version>1.0.3</version>
	<description>Search display for Virtuemart</description>
	<files folder="packages">
	    <file type="module" id="mod_jvajax_shop_search">mod_jvajax_shop_search.zip</file>
		<file type="plugin" id="jvajax_shop_search" group="system">plg_system_jvajax_shop_search.zip</file>
	</files>
</extension>