<?xml version="1.0" encoding="UTF-8" ?>
<extension type="package" version="2.5" method="upgrade">
<name>JV Shortcode</name>
<author>Joomlavi.com</author>
<creationDate>Aug 2016</creationDate>
<packagename>plg_jv_shortcode</packagename>
<version>1.0.3</version>
<url>http://joomlavi.com/</url>
<packager>Joomlavi</packager>
<packagerurl>http://joomlavi.com/</packagerurl>
<description>JV Shortcode Plugin Package</description>

 <files folder="packages">
   <file type="plugin" id="jv_shortcode_system" group="system">jv_shortcode_system.zip</file>
   <file type="plugin" id="jv_shortcode_content" group="content" >jv_shortcode_content.zip</file>
   <file type="plugin" id="jv_shortcode" group="editors-xtd">jv_shortcode.zip</file>
 </files>
 </extension>